,Well,Fluor,Target,Content,Sample,Biological Set Name,Cq,Cq Mean,Cq Std. Dev,Starting Quantity (SQ)
,A01,SYBR,MYH7,Unkn,Kidney-1,,28.7484,28.58,0.1542,NaN
,A02,SYBR,MYH7,Unkn,Kidney-1,,28.5457,28.58,0.1542,NaN
,A03,SYBR,MYH7,Unkn,Kidney-1,,28.4458,28.58,0.1542,NaN
,A04,SYBR,GFAP,Unkn,Kidney-1,,27.4815,27.5444,0.066,NaN
,A05,SYBR,GFAP,Unkn,Kidney-1,,27.6131,27.5444,0.066,NaN
,A06,SYBR,GFAP,Unkn,Kidney-1,,27.5385,27.5444,0.066,NaN
,A07,SYBR,MYH7,Unkn,Kidney-2,,27.4349,27.3533,0.1486,NaN
,A08,SYBR,MYH7,Unkn,Kidney-2,,27.1818,27.3533,0.1486,NaN
,A09,SYBR,MYH7,Unkn,Kidney-2,,27.4432,27.3533,0.1486,NaN
,A10,SYBR,GFAP,Unkn,Kidney-2,,27.4077,27.4631,0.073,NaN
,A11,SYBR,GFAP,Unkn,Kidney-2,,27.4358,27.4631,0.073,NaN
,A12,SYBR,GFAP,Unkn,Kidney-2,,27.5458,27.4631,0.073,NaN
,B01,SYBR,MYH7,Unkn,Kidney-3,,27.7435,27.8233,0.0969,NaN
,B02,SYBR,MYH7,Unkn,Kidney-3,,27.7952,27.8233,0.0969,NaN
,B03,SYBR,MYH7,Unkn,Kidney-3,,27.9311,27.8233,0.0969,NaN
,B04,SYBR,GFAP,Unkn,Kidney-3,,27.4964,27.4267,0.0635,NaN
,B05,SYBR,GFAP,Unkn,Kidney-3,,27.372,27.4267,0.0635,NaN
,B06,SYBR,GFAP,Unkn,Kidney-3,,27.4117,27.4267,0.0635,NaN
,B07,SYBR,MYH7,Unkn,Liver-1,,29.1772,29.3206,0.1542,NaN
,B08,SYBR,MYH7,Unkn,Liver-1,,29.4837,29.3206,0.1542,NaN
,B09,SYBR,MYH7,Unkn,Liver-1,,29.3008,29.3206,0.1542,NaN
,B10,SYBR,GFAP,Unkn,Liver-1,,28.4888,28.3829,0.0941,NaN
,B11,SYBR,GFAP,Unkn,Liver-1,,28.3092,28.3829,0.0941,NaN
,B12,SYBR,GFAP,Unkn,Liver-1,,28.3507,28.3829,0.0941,NaN
,C01,SYBR,MYH7,Unkn,Liver-2,,29.288,29.2525,0.0363,NaN
,C02,SYBR,MYH7,Unkn,Liver-2,,29.254,29.2525,0.0363,NaN
,C03,SYBR,MYH7,Unkn,Liver-2,,29.2154,29.2525,0.0363,NaN
,C04,SYBR,GFAP,Unkn,Liver-2,,28.1541,28.203,0.1519,NaN
,C05,SYBR,GFAP,Unkn,Liver-2,,28.3734,28.203,0.1519,NaN
,C06,SYBR,GFAP,Unkn,Liver-2,,28.0816,28.203,0.1519,NaN
,C07,SYBR,MYH7,Unkn,Liver-3,,29.5805,29.6062,0.0311,NaN
,C08,SYBR,MYH7,Unkn,Liver-3,,29.6408,29.6062,0.0311,NaN
,C09,SYBR,MYH7,Unkn,Liver-3,,29.5973,29.6062,0.0311,NaN
,C10,SYBR,GFAP,Unkn,Liver-3,,28.5412,28.584,0.0408,NaN
,C11,SYBR,GFAP,Unkn,Liver-3,,28.5885,28.584,0.0408,NaN
,C12,SYBR,GFAP,Unkn,Liver-3,,28.6224,28.584,0.0408,NaN
,D01,SYBR,MYH7,Unkn,Heart-1,,23.8684,23.9198,0.1153,NaN
,D02,SYBR,MYH7,Unkn,Heart-1,,24.0518,23.9198,0.1153,NaN
,D03,SYBR,MYH7,Unkn,Heart-1,,23.8391,23.9198,0.1153,NaN
,D04,SYBR,GFAP,Unkn,Heart-1,,28.026,28.1015,0.1036,NaN
,D05,SYBR,GFAP,Unkn,Heart-1,,28.0589,28.1015,0.1036,NaN
,D06,SYBR,GFAP,Unkn,Heart-1,,28.2196,28.1015,0.1036,NaN
,D07,SYBR,MYH7,Unkn,Heart-2,,22.9727,22.9218,0.0539,NaN
,D08,SYBR,MYH7,Unkn,Heart-2,,22.8653,22.9218,0.0539,NaN
,D09,SYBR,MYH7,Unkn,Heart-2,,22.9273,22.9218,0.0539,NaN
,D10,SYBR,GFAP,Unkn,Heart-2,,28.7799,28.6932,0.0762,NaN
,D11,SYBR,GFAP,Unkn,Heart-2,,28.6368,28.6932,0.0762,NaN
,D12,SYBR,GFAP,Unkn,Heart-2,,28.663,28.6932,0.0762,NaN
,E01,SYBR,MYH7,Unkn,Heart-3,,23.4342,23.472,0.0463,NaN
,E02,SYBR,MYH7,Unkn,Heart-3,,23.4583,23.472,0.0463,NaN
,E03,SYBR,MYH7,Unkn,Heart-3,,23.5236,23.472,0.0463,NaN
,E04,SYBR,GFAP,Unkn,Heart-3,,28.4443,28.4493,0.0467,NaN
,E05,SYBR,GFAP,Unkn,Heart-3,,28.4053,28.4493,0.0467,NaN
,E06,SYBR,GFAP,Unkn,Heart-3,,28.4983,28.4493,0.0467,NaN
,E07,SYBR,MYH7,Unkn,Brain-1,,29.5773,29.4637,0.1015,NaN
,E08,SYBR,MYH7,Unkn,Brain-1,,29.3821,29.4637,0.1015,NaN
,E09,SYBR,MYH7,Unkn,Brain-1,,29.4318,29.4637,0.1015,NaN
,E10,SYBR,GFAP,Unkn,Brain-1,,21.8264,21.9732,0.1694,NaN
,E11,SYBR,GFAP,Unkn,Brain-1,,21.9348,21.9732,0.1694,NaN
,E12,SYBR,GFAP,Unkn,Brain-1,,22.1586,21.9732,0.1694,NaN
,F01,SYBR,MYH7,Unkn,Brain-2,,29.5916,29.5758,0.1093,NaN
,F02,SYBR,MYH7,Unkn,Brain-2,,29.4595,29.5758,0.1093,NaN
,F03,SYBR,MYH7,Unkn,Brain-2,,29.6763,29.5758,0.1093,NaN
,F04,SYBR,GFAP,Unkn,Brain-2,,23.3913,23.2123,0.1602,NaN
,F05,SYBR,GFAP,Unkn,Brain-2,,23.1636,23.2123,0.1602,NaN
,F06,SYBR,GFAP,Unkn,Brain-2,,23.0821,23.2123,0.1602,NaN
,F07,SYBR,MYH7,Unkn,Brain-3,,29.423,29.4239,0.0422,NaN
,F08,SYBR,MYH7,Unkn,Brain-3,,29.4666,29.4239,0.0422,NaN
,F09,SYBR,MYH7,Unkn,Brain-3,,29.3822,29.4239,0.0422,NaN
,F10,SYBR,GFAP,Unkn,Brain-3,,23.1845,23.1542,0.029,NaN
,F11,SYBR,GFAP,Unkn,Brain-3,,23.1267,23.1542,0.029,NaN
,F12,SYBR,GFAP,Unkn,Brain-3,,23.1515,23.1542,0.029,NaN
,G01,SYBR,MYH7,Unkn,Muscle-1,,25.9554,25.841,0.1177,NaN
,G02,SYBR,MYH7,Unkn,Muscle-1,,25.8472,25.841,0.1177,NaN
,G03,SYBR,MYH7,Unkn,Muscle-1,,25.7204,25.841,0.1177,NaN
,G04,SYBR,GFAP,Unkn,Muscle-1,,27.7517,27.8414,0.0933,NaN
,G05,SYBR,GFAP,Unkn,Muscle-1,,27.8347,27.8414,0.0933,NaN
,G06,SYBR,GFAP,Unkn,Muscle-1,,27.9379,27.8414,0.0933,NaN
,G07,SYBR,MYH7,Unkn,Muscle-2,,25.0605,25.2106,0.1314,NaN
,G08,SYBR,MYH7,Unkn,Muscle-2,,25.2666,25.2106,0.1314,NaN
,G09,SYBR,MYH7,Unkn,Muscle-2,,25.3047,25.2106,0.1314,NaN
,G10,SYBR,GFAP,Unkn,Muscle-2,,27.4907,27.5391,0.1513,NaN
,G11,SYBR,GFAP,Unkn,Muscle-2,,27.418,27.5391,0.1513,NaN
,G12,SYBR,GFAP,Unkn,Muscle-2,,27.7087,27.5391,0.1513,NaN
,H01,SYBR,MYH7,Unkn,Muscle-3,,25.4488,25.6308,0.1914,NaN
,H02,SYBR,MYH7,Unkn,Muscle-3,,25.6132,25.6308,0.1914,NaN
,H03,SYBR,MYH7,Unkn,Muscle-3,,25.8304,25.6308,0.1914,NaN
,H04,SYBR,GFAP,Unkn,Muscle-3,,27.6548,27.712,0.0515,NaN
,H05,SYBR,GFAP,Unkn,Muscle-3,,27.7263,27.712,0.0515,NaN
,H06,SYBR,GFAP,Unkn,Muscle-3,,27.7549,27.712,0.0515,NaN
